ulasan,tbt,tanggal,bulan,tahun,sumber,label
habis bungkus reaksi,2021-09-19,19,september,2021,shopee,negatif
efektif ngelancarin ngurangin nyeri haid ngebersihin sisa haid susul,2022-10-05,5,oktober,2022,shopee,positif
pengaruh habis minum tetep haid,2022-03-27,27,maret,2022,shopee,negatif
udah minum reaksi,2021-10-12,12,oktober,2021,shopee,negatif
udah habis menstruasi pdhl telat minggu,2022-03-18,18,maret,2022,shopee,negatif
khasiat haid lancar,2022-07-10,10,juli,2022,shopee,negatif
udah minum blm hasil bagus bintang,2022-04-14,14,april,2022,shopee,negatif
efek jamu ngefek,2022-01-28,28,januari,2022,shopee,negatif
jamu efektif banget atas nyeri menstruasi kirim cepat packing rapi mantap banget,2022-06-25,25,juni,2022,shopee,positif
mantap banget jamu next time coba mantap pokok,2021-02-24,24,februari,2021,shopee,positif
bagus lancar menstruasi,2022-09-04,4,september,2022,shopee,positif
efektif wanita lambat,2022-01-26,26,januari,2022,shopee,positif
beli pack alhamdulillah habis pack mens,2022-01-18,18,januari,2022,shopee,positif
minum minggu gada hasil gacocok,2023-01-29,29,januari,2023,shopee,negatif
habis bungkus reaksi,2022-03-22,22,maret,2022,shopee,negatif
habis pack ngga hasil skali ngga tanda,2022-05-12,12,mei,2022,shopee,negatif
efek habis minum haid,2022-02-01,1,februari,2022,shopee,negatif
lancar haid bagus banget jamu,2020-10-26,26,oktober,2020,shopee,positif
langgananampuh telat karna atur respon lancar pengiramcepet banget,2021-03-23,23,maret,2021,shopee,positif
alhamdulillah minum bungkus nifas makan nanas teh jahe haid lambat terimakasih seller,2021-09-15,15,september,2021,shopee,positif
haid sakit pdhl sblm lahir udah sakit efek muncul jerawat sblm mens,2022-07-14,14,juli,2022,shopee,negatif
lancar haid atur,2022-01-12,12,januari,2022,shopee,positif
jamu wangi bener jamu,2021-07-31,31,juli,2021,shopee,positif
ngga ngefek,2022-06-10,10,juni,2022,shopee,negatif
enak minum jamu enak,2022-02-22,22,februari,2022,shopee,negatif
manjur jamu ngefek,2022-07-18,18,juli,2022,shopee,negatif
sengaja kasih nilai obat jamu bener manjur ngebantu udah telat mens hari,2021-12-04,4,desember,2021,shopee,positif
lancar,2022-11-14,14,november,2022,shopee,positif
ampuh telat haid minum hari kapsul,2022-08-24,24,agustus,2022,shopee,positif
haid lancar flek minum lgsg lancar bgs dtg bulan ngga traturkluar flek jamu bener mantap,2020-10-08,8,oktober,2020,shopee,positif
jamu manjur simple wkwk,2022-05-26,26,mei,2022,shopee,positif
telat minggu khasiat,2022-10-07,7,oktober,2022,shopee,negatif
produk bagus lancar haidsangat bantu haid lancar,2021-11-08,8,november,2021,shopee,positif
alhamdulillah telat haid langsung minum box langsung haid,2021-03-05,5,maret,2021,shopee,positif
jamu efek kecewa,2022-05-22,22,mei,2022,shopee,negatif
manjur jamu khasiat banget deh,2022-06-08,8,juni,2022,shopee,positif
minum habis bungkus langsung haid bener manfaat banget jamu,2020-12-21,21,desember,2020,shopee,negatif
nyoba langsung manjur banget jamu oke banget,2021-02-16,16,februari,2021,shopee,positif
bantu lancar haid,2020-09-01,1,september,2020,shopee,positif
langgan jamu jamu bagus pelancar haid,2021-10-26,26,oktober,2021,shopee,positif
abis kotak ko blm hasil,2021-06-09,9,juni,2021,shopee,negatif
rabu sampek blm mempan,2022-06-27,27,juni,2022,shopee,negatif
sengaja nilai nyoba rutin minum kali hari udah mens ajaib bangetttt,2021-03-08,8,maret,2021,shopee,positif
khasiat allhamdulillah telat minum langsung dapet,2020-10-16,16,oktober,2020,shopee,positif
udh minum efek,2022-10-10,10,oktober,2022,shopee,negatif
haid pas minum tiga kalinyatapi gitu darah minum obatnyakalau ndak minum ndak darah,2022-06-07,7,juni,2022,shopee,positif
telat minum langsung haid kasih bonus bedak dingin,2022-06-11,11,juni,2022,shopee,positif
minum kapsul udh lumayan prubhan udh tanda perut nyeri kayak datng,2022-07-02,2,juli,2022,shopee,positif
cocok haid gaa atur,2020-07-29,29,juli,2020,shopee,positif
cocok cepet mens oh makasih admin kasih bonus masker bedak dingin,2022-02-12,12,februari,2022,shopee,positif
alhamdulillah pake pelancar haid cocok,2021-10-26,26,oktober,2021,shopee,positif
thankss alhamdulillah ngebantu banget kemaren haid nyisa minum case haid lancar hihi,2022-05-27,27,mei,2022,shopee,positif
alhamdulillah jamu cocok habis bungkus haid ku langsung dateng telat,2022-10-20,20,oktober,2022,shopee,positif
pake lancar selancar period bener bener oke,2021-10-25,25,oktober,2021,shopee,positif
reaksi apa ampuh minum efek,2021-11-26,26,november,2021,shopee,negatif
udah habis kotak ngk reaksi,2021-10-22,22,oktober,2021,shopee,negatif
gada ubah tetep efek apa,2021-11-14,14,november,2021,shopee,negatif
hasiat pil udah habisblm haid,2021-12-17,17,desember,2021,shopee,negatif
habis haid lancar bab,2022-12-04,4,desember,2022,shopee,negatif
ngefek nii udh abis kotak,2023-02-24,24,februari,2023,shopee,negatif
habis reaksi apa,2022-03-14,14,maret,2022,shopee,negatif
nyoba kali emang bener langsung manjur,2022-03-26,26,maret,2022,shopee,positif
haid minum,2021-08-20,20,agustus,2021,shopee,negatif
udh blum hasil,2022-11-25,25,november,2022,shopee,negatif
produk habis haid haid,2022-06-16,16,juni,2022,shopee,negatif
minum bom efek,2021-10-14,14,oktober,2021,shopee,negatif
cocok telat,2022-04-09,9,april,2022,shopee,positif
serius jamu rekomended banget cocok telat,2022-08-22,22,agustus,2022,shopee,positif
reaksi,2022-09-01,1,september,2022,shopee,negatif
alhamdulillah udh haid skrg haid lancar,2023-01-26,26,januari,2023,shopee,positif
packingnya rapi aman kirim cepet banget manjur banget udah kali beli minum besok langsung haid thank you seller,2021-12-25,25,desember,2021,shopee,positif
kirim cepat alhamdulillah banget pagi paket dateng malemnya langsung minum jeda jam langsung dateng,2023-02-19,19,februari,2023,shopee,positif
maaf kasih nilai pingin hasilny dl alhamdulillah minum jamu hasilny langsung terimakasih,2023-01-15,15,januari,2023,shopee,positif
alhamdulillahobatnya recommended banget minum udah dapet haid bln blm dapet,2022-02-12,12,februari,2022,shopee,positif
udah merek pelancar haid ngefek,2022-04-19,19,april,2022,shopee,negatif
kualitas produk produk original harga produk,2023-06-26,26,juni,2023,shopee,positif
minum menstruasi lancar kirim cepat,2020-10-04,4,oktober,2020,shopee,positif
minum langsung efek,2021-10-30,30,oktober,2021,shopee,positif
tokcer abis minum haid langsung lancar,2022-04-04,4,april,2022,shopee,positif
mantapbrngnya real ampuh banget minum langsung reaksimksh,2021-12-11,11,desember,2021,shopee,positif
mesan kemaren ud habis pack blm khasiat,2022-04-16,16,april,2022,shopee,negatif
mantap dach alhamdulillah minum kotak udah tokcer niehehehehe,2022-02-27,27,februari,2022,shopee,positif
telat minggu an coba minum langsung haiddibarengi makan nanans lngsung haid deras bangetttt,2022-07-03,3,juli,2022,shopee,positif
minum jamu haid lancar makasih,2022-04-06,6,april,2022,shopee,positif
khasiat bener ampuh ngontrol hormon haid,2021-04-10,10,april,2021,shopee,positif
lancar banget haid minum jamu mantap,2022-03-17,17,maret,2022,shopee,positif
ampuh banget konsumsi langsung darah,2021-12-09,9,desember,2021,shopee,positif
khasiat bener oke ragu jamu,2022-02-17,17,februari,2022,shopee,positif
habis kotak blm ubah cocok,2022-03-31,31,maret,2022,shopee,negatif
udah kapsul minum bom haid minum badan tibatiba lemes dipaksain sampe kapsul badan ku lemes huhu sisa kapsul gaberani minum bom haid,2022-07-31,31,juli,2022,shopee,negatif
manjur jamu habis kapsul bom haid haid atur telat haid minggu bom haid,2021-10-15,15,oktober,2021,shopee,negatif
maaf bintang minum kunjung haidfotonya kayak pesan,2022-03-17,17,maret,2022,shopee,negatif
abis bungkus haid barang cepet sampe san sesuai,2021-03-18,18,maret,2021,shopee,negatif
maaf nggak ngefek,2022-02-06,6,februari,2022,shopee,negatif
efek apa minum atur haid,2022-11-13,13,november,2022,shopee,negatif
maju pdhl udh habis kotak,2022-09-17,17,september,2022,shopee,negatif
langgan beli ngatasin haid telat minum tanggal haid dtg beneran bkn haid cpt,2021-03-27,27,maret,2021,shopee,positif
jamu manjur reaksi,2022-01-31,31,januari,2022,shopee,negatif
minum blm ngefek,2021-10-19,19,oktober,2021,shopee,negatif
udah minum rasa apaapa,2022-03-04,4,maret,2022,shopee,negatif
kasiatnya minum bungkus,2021-03-09,9,maret,2021,shopee,positif
manjur banget jamunyadapat gratis bedak bengkoang,2022-02-03,3,februari,2022,shopee,positif
sengaja kasih ulas lambat minum kali sesuai anjur pakai alhamdulilah nama tamu langsung,2022-06-11,11,juni,2022,shopee,positif
kali manjur banget suka jamu,2021-03-24,24,maret,2021,shopee,positif
sengaja kasi nilai nunggu efek alhamdulillah efek manjur minum bungkus,2021-01-20,20,januari,2021,shopee,positif
jamu mempan ngefek,2021-01-10,10,januari,2021,shopee,negatif
khasiat manjur,2022-02-03,3,februari,2022,shopee,negatif
pake haid bsa lancar darah haid,2022-11-01,1,november,2022,shopee,positif
dada sesak,2022-03-24,24,maret,2022,shopee,negatif
coba jamu kali bener manjur banget jamu,2021-06-12,12,juni,2021,shopee,positif
efect,2021-02-03,3,februari,2021,shopee,negatif
nemu jamu coba ngefek banget telat manjur,2022-03-16,16,maret,2022,shopee,positif
udah minum blm tanda haid,2020-12-07,7,desember,2020,shopee,negatif
kirim cepat respon jual cepat produk kualitas minum reaksi order bonus produk terimakasih,2023-07-04,4,juli,2023,shopee,positif
minum langsung cek komposisi aman karna asal bahan herbal worth to buy,2022-09-11,11,september,2022,shopee,positif
makasih manjur jamu haid,2023-08-01,1,agustus,2023,shopee,positif
manjur bln haid lancar dikit hr minum lgsung lancar,2023-02-17,17,februari,2023,shopee,positif
jamu manjur lancar banget haid,2022-02-04,4,februari,2022,shopee,positif
atas nyeri haid siklus haid atur,2020-08-14,14,agustus,2020,shopee,positif
minum kali langsung haid alhamdulilah,2021-08-01,1,agustus,2021,shopee,positif
udh kali beli toko bener cepet khasiat,2022-06-25,25,juni,2022,shopee,positif
produk cocok pagi malem langsung kirim cepet,2022-02-13,13,februari,2022,shopee,positif
sorry bru ksh nilai smpat jamu bagus,2021-09-13,13,september,2021,shopee,positif
minum langsung badan udh sakit karna haid atur skrg enakeunn mudah tratur,2022-08-12,12,desember,2022,shopee,positif
coba langsung lancar haid ksh gratis produk terimakasih,2021-11-29,29,november,2021,shopee,positif
manfaat obat bungkus minum atur alhamdulillah mens terima kasih,2020-10-23,23,oktober,2020,shopee,positif
minum ubah,2021-02-11,11,november,2021,shopee,negatif
obat ampuh manjur minum besok langsung menstruasi,2022-04-21,21,april,2022,shopee,positif
alhm dllh ccok aq prnah tellat bln minggu minum obat lngsung haid bnxak gumpal darah kluarr nyeri kurang blnaq punx sakit kista ovarium haid ku prnh atur,2021-12-11,11,desember,2021,shopee,positif
bener mujarab jamu telat dtang sen disopee donk jalan jamu eehh alhamdulillah lngs,2022-07-13,13,juli,2022,shopee,positif
maaf kak kasih nilai soale coba liat hasil alhamdulillah banget kak obat efektif bantu telat udah coba kapsul jamu nifas abis,2022-02-05,5,februari,2022,shopee,positif
sengaja kasih nilainunggu reaksi dulualhamdulillah manjur telat hrminum habis dapet haid packing rapiprivatepengiriman cepet bangetcuma beli bonusmakasih seller,2022-03-29,29,maret,2022,shopee,positif
jujur tipe orang jrang kasih rivew kali beda masyallah bnget berkat obat minum langsung mens karna ak bsa nyampe bln mens periksa dokter spog biaya lum,2022-03-21,21,maret,2022,shopee,positif
ntah gimana minum kapsul langsung,2022-08-10,10,agustus,2022,shopee,positif
kemarin udah minum kali emang efek,2020-10-09,9,oktober,2020,shopee,negatif
minum malemnya udah langsung banjir telat hasil test negatif,2021-10-27,27,oktober,2021,shopee,positif
telat was takut hasil tespek positif alhamdulillah konsumsi jamu hari jawab,2021-07-16,16,juli,2021,shopee,positif
pokok gausah takut beli jamu bentuk kapsul aman banget manjur banget rekomendasi banget,2021-12-10,10,desember,2021,shopee,positif
minum langsung mens bln mens dapet free rumput patimah recommended,2022-08-03,3,agustus,2022,shopee,positif
bener ampuh paket dtg jam langsung aq minum reaksi cepat banget jam langsung lega banget terima kasih kak,2021-12-10,10,desember,2021,shopee,positif
langsung haid dibarengin makan nanas,2021-03-11,11,maret,2021,shopee,positif
udh habis kotak blm haid nnti tunggu klu haid bari ubah bintang skrg,2021-11-02,2,november,2021,shopee,negatif
udah habis bungkus efeknyaa layan bagus,2022-04-13,13,april,2022,shopee,negatif
lancar banget haid seta minum jamu,2022-07-18,18,juli,2022,shopee,positif
nyobaaa langsung manjur topp,2021-12-20,20,desember,2021,shopee,positif
good udah langgan banget jamu,2021-06-09,9,juni,2021,shopee,positif
makasiiihhbarang nyampe cepetsesuai pesenanmakasih say bonus gali singsetnyahehehhehe,2021-12-21,21,desember,2021,shopee,positif
cocok banget lancar haid,2020-08-10,10,agustus,2020,shopee,positif
bagus kayak yaa,2022-02-26,26,februari,2022,shopee,positif
produk admin ramah udah kali beli kasih bonus makasiii,2022-05-24,24,mei,2022,shopee,positif
minum kali besok banjir sakit perut,2021-03-16,16,maret,2021,shopee,positif
efekti lancar haid,2022-01-24,24,januari,2022,shopee,negatif
blm hasil udh minum,2022-08-25,25,agustus,2022,shopee,negatif
jumat mlm minum sabtu pagi mens secepet manjur minum telat mens dh mggu,2022-08-01,1,agustus,2022,shopee,positif
nyoba alhamdulillah minum kali langsung haid deres udah telat obat bagus baget poko,2021-10-13,13,oktober,2021,shopee,positif
beli minum efek,2022-02-04,4,februari,2022,shopee,negatif
pas abis minum jamu perut sakit bgttt lgsg panas perih minum doa,2021-09-15,15,september,2021,shopee,negatif
alhamdulillah berkat obat nifas abis kapsul langsung haid skrng sdang haid ttap minum karna,2022-01-29,29,januari,2022,shopee,positif
packing rapih ngaruh pdhl telat bulan bpom daftar sy cek bpom online maaf,2022-01-19,19,januari,2022,shopee,negatif
jamu habis du box tamu,2020-12-17,17,desember,2020,shopee,negatif
mantap banget fungsi pokok amanah packing rapi kirim cepat,2020-08-10,10,agustus,2020,shopee,positif
cocok haid ku lancar bulan,2023-01-23,23,januari,2023,shopee,positif
ngefek haid,2021-01-17,17,januari,2021,shopee,negatif
alhamdulillah habis bungkus langsung udah coba obat nggak ad,2021-11-08,8,november,2021,shopee,positif
khasiap mantapppp ragu,2021-08-04,4,agustus,2021,shopee,positif
mantap terima kasih kurir toko amanah,2022-04-06,6,april,2022,shopee,positif
serius jamu manjur banget,2022-10-05,5,oktober,2022,shopee,positif
khasiat banget jamu oke deh pokok,2022-10-10,10,oktober,2022,shopee,positif
maaf nilai minum udah langsung haid makan nanas siang malem langsung haid,2022-08-11,11,agustus,2022,shopee,positif
pakai jamu hari langsung haid,2022-09-15,15,september,2022,shopee,positif
reaksi cepat habis kotak haid,2022-01-14,14,januari,2022,shopee,negatif
konsumsi muncul efek khasiat,2022-07-20,20,juli,2022,shopee,negatif
sesuai etalasi emas cepat bonus,2020-10-04,4,oktober,2020,shopee,positif
keren nyampenya cepet pake banget udh gitu packing rapih rapet makasih bonus,2022-03-06,6,maret,2022,shopee,positif
nilai jamu efek,2023-08-20,20,agustus,2023,shopee,negatif
manjur banget langsung trmksh min,2022-06-14,14,juni,2022,shopee,positif
bener bener ampuh khaasiatnya,2021-07-30,30,juli,2021,shopee,positif
sesuai pesan coba emas cepat aman dapet bonus makasih,2022-03-26,26,maret,2022,shopee,positif
kirim sesuai bonus cocok ngaruh makasih ownernya rama,2021-02-21,21,februari,2021,shopee,negatif
telat coba minum obat tamu langsung,2022-10-26,26,oktober,2022,shopee,positif
jamu enak bau kecewa banget,2022-05-31,31,mei,2022,shopee,negatif
lambat mens udah tes negatif trus coba minum jamu habis box butir alhamdulillah udah lang,2022-10-16,16,oktober,2022,shopee,positif
mujarab banget jamu,2022-05-10,10,mei,2022,shopee,positif
foto nilai obat udah habis enak blom dapete rutin minum,2021-03-12,12,maret,2021,shopee,negatif
cepat cuman ngefeknya pagi minum sore langsung,2022-10-04,4,oktober,2022,shopee,positif
konsumsi pagi haid alhamdulillah,2021-07-22,22,juli,2021,shopee,positif
minum pagi sore langsung haid minum jamu racik,2023-07-15,15,juli,2023,shopee,positif
pagi minum butir sore bercak tetes,2021-04-04,4,april,2021,shopee,positif
minum kali alhamdulillah depan langsung ngeflek badan enak ngga tunggu minum,2023-01-16,16,januari,2023,shopee,positif
bantu problem haid btw thanks bonus jamu nnti edit nilai hasil gimana,2021-11-30,30,november,2021,shopee,positif
sengaja kasih nilai karna coba eh bener telat minggu langsung haid,2023-02-27,27,februari,2023,shopee,positif
coba nyeri haid gitu lngsng sembuh stress gin suka macet minum kali lngsng lancar der,2022-06-10,10,juni,2022,shopee,positif
bantu keluar sisa darah kotor,2022-06-02,2,juni,2022,shopee,positif
baik lancar,2022-07-27,27,juli,2022,shopee,positif
enak minum enek hasil,2022-01-15,15,januari,2022,shopee,negatif
paket darat udh minum blm tanda,2022-04-02,2,april,2022,shopee,negatif
paket darat aman packing rapi kirim cepat minum hr mens lgsg susah wkt minum butir skaligus,2020-11-03,3,november,2020,shopee,positif
udh abis kotak efek hasil kecewa buang buang uang doang khasiat,2022-07-09,9,juli,2022,shopee,negatif
telat haid minggu minum udah haid seller ramah thx bonus,2022-06-21,21,juni,2022,shopee,positif
manjur banget jamu minum langsung haid,2020-09-22,22,september,2020,shopee,positif
kirim cepat kemas rapi jaga privasi efek ap,2022-08-10,10,agustus,2022,shopee,negatif
jamu bener mujarab banget cocok haid lancar,2022-03-05,5,maret,2022,shopee,positif
jamu nifas ok banget emang instan langsung haid minggu ukur jamu tradisional oke khasiat,2021-04-15,15,april,2021,shopee,positif
gada ngefek sayaaaaaaaaaa pil isi bau herbal,2022-09-14,14,september,2022,shopee,negatif
beneran ampuh banget,2022-08-02,2,agustus,2022,shopee,positif
serius telat haid haid jamu udah dateng pakek me,2023-08-08,8,agustus,2023,shopee,positif
maaf kasih ulas nyoba kasiatnya alhamdulillah hari minum lngsung haid lancar udah telat min,2022-07-06,6,juli,2022,shopee,positif
khasiat manjur haid pas udah henti minum,2022-07-11,11,juli,2022,shopee,negatif
minum langsung haid kuar lendir bercak coklat tiga sore udah haid lancar,2022-08-20,20,agustus,2022,shopee,positif
sengaja kasih nilai ngeliat hasil telat minum langsung haid,2022-03-23,23,maret,2022,shopee,positif
hbs kapsul blm haid,2022-11-05,5,november,2022,shopee,negatif
jamu khasiat telat efektif banget,2021-10-18,18,oktober,2021,shopee,positif
bagus obat manjur telat dtang wajib minum obat,2021-10-28,28,oktober,2021,shopee,positif
udah minum smpek habis blm jga haid,2022-05-26,26,mei,2022,shopee,negatif
minum kali haid pdhl udh telat minggubersyukur banget alhamdulillah pokok recommended adminya ramahpengirimanya cepet bangett uuu,2022-10-08,8,oktober,2022,shopee,positif
bagus banget udah telat bulan minum jamu nifus,2022-12-02,2,desember,2022,shopee,positif
minum jamu box haid,2022-11-27,27,november,2022,shopee,negatif
lumayan hasil minum dus habis hasil terimakasih seller,2022-02-28,28,februari,2022,shopee,positif
kirim cepat minum mens mens,2021-03-18,18,maret,2021,shopee,negatif
atur haid cobain jamu nifas manjur,2021-03-28,28,maret,2021,shopee,positif
manjur banget minum langsung haid top,2021-03-28,28,maret,2021,shopee,positif
habis jamu blum haid,2020-07-01,1,juli,2020,shopee,negatif
alhamdulillah minum siang besok langsung terimakasih yaa,2021-03-27,27,maret,2021,shopee,positif
kali minum langsung deras nyeri perut,2021-01-21,21,januari,2021,shopee,positif
minum hari kapsul manjur haid telat langsung,2022-01-28,28,januari,2022,shopee,positif
manjur banget minum udah mens pokok recomend deh,2021-12-14,14,desember,2021,shopee,positif
jamu luntur cocok kali minum udah deres,2021-12-14,27,desember,2021,shopee,positif
lancar sekrang alhamdulillah langsung atur,2021-12-12,12,desember,2021,shopee,positif
udah habis minum pack mas halang mens,2020-10-09,9,oktober,2020,shopee,negatif
produk beneran ampuh darah haid makasih seller,2022-10-12,12,oktober,2022,shopee,positif
mantap kapsul minum langsung haid,2022-06-13,13,juni,2022,shopee,positif
xtokcer minum langsung kluar kirim cepet kurir,2022-05-11,11,mei,2022,shopee,positif
udah minum hri blumjuga haid,2021-12-18,18,desember,2021,shopee,negatif
kirim cepat jamu ok minum alhamdulillah langsung dapet gel gel langsung hilang,2019-10-11,11,oktober,2019,shopee,positif
minum hadir tamu,2022-11-19,19,november,2022,shopee,positif
makasih bner manjur top banget,2021-10-11,11,oktober,2021,shopee,positif
top jamu habis box allhmdulillah haid lancar,2022-06-11,11,juni,2022,shopee,positif
cocok herbal haid lancar gacor,2022-11-26,26,november,2022,shopee,positif
kali coba jamu langsung reaksi jamu pelancar haid,2022-07-21,21,juli,2022,shopee,positif
direkomdasikan lancar haid,2020-12-24,24,desember,2020,shopee,positif
recomend banget ampuh atas telat,2022-04-10,10,april,2022,shopee,positif
keren love pokok packing rapiobatnya manjurhaid langsung lancar,2021-07-24,24,juli,2021,shopee,positif
gila minum pagi kapsul siang udh haid thenkyu dokter minggu udh,2021-12-15,15,desember,2021,shopee,positif
khasiat ampuh abis bungkus udah dateng lancar banget,2021-12-02,2,desember,2021,shopee,positif
barang terima minum habis bungkus blm tanda,2021-04-04,4,april,2021,shopee,negatif
btw manjur banget obat udah beli kali telat minum jamu habis kotak langsung haid,2022-06-15,15,juni,2022,shopee,positif
barang sesuai pesanudh minum haritapi reaksi,2022-09-09,9,september,2022,shopee,negatif
blm khasiat bad sayablm mens udh minum trimaksih,2021-11-04,4,november,2021,shopee,negatif
sukaaa bangetttttttt thnkyuu kak haid telat minggu buka minum butir jam an langsung haid,2022-04-03,3,april,2022,shopee,positif
kirim cepat pesan jumat siang sabtu siang manjur minum kali senin sore,2022-07-07,7,juli,2022,shopee,positif
abis box blm haid jgentah cocok gmn msh coba sampe abis,2022-08-12,12,agustus,2022,shopee,negatif
kali minum jam malam jam malam langsung haid,2020-03-27,27,maret,2020,shopee,positif
alhamdulillah habis bungkus darah haid langsung deras haha makasih gan pan order,2022-11-04,4,november,2022,shopee,positif
obat manjur banget udah telat haid minggu konsumsi hari langsung haid kirim jaga banget,2022-09-06,6,september,2022,shopee,positif
jamu ampuh banget suka telat haid ampuh bangeeet,2021-01-13,13,januari,2021,shopee,positif
coba sii karna udh telat haid minggu nyangka obat bnr ampuh minum udh haid,2022-10-18,18,oktober,2022,shopee,positif
andal telat haid manjur poll bulan telat haid minum blm bungkus lsg haid,2023-06-20,20,juni,2023,shopee,positif
produk oke telat haid minggu minum sesuai anjur haid langsung deres bgttttt,2021-11-09,9,november,2021,shopee,positif
alhamdulillah udah bukti manjur udah habis kotak udah haid pdhl telat bln terimakasih,2021-03-12,12,maret,2021,shopee,positif
jamu enak konsumsi sanget ngefek lancar telat,2021-12-04,4,desember,2021,shopee,positif
manjur banget telat haid habis minum obat an langsung haid,2023-06-21,21,juni,2023,shopee,positif
bener ampuh deh msh minum udah dapetseneng stlh tlat hmpir bln terima kasih,2020-03-18,18,maret,2020,shopee,positif
ampuh haid sakit nga lancar,2022-03-04,4,maret,2022,shopee,positif
manjur minum kapsul besok mens recommended bgtttt,2023-02-03,3,februari,2023,shopee,positif
cocokkkkrekomen box luruh haid lambat minggu,2022-02-08,8,februari,2022,shopee,positif
minum rutin habis box blm,2021-11-09,9,november,2021,shopee,negatif
sayang ngefek,2022-01-29,29,januari,2022,shopee,negatif
efek obat bagus banget cocok telat bulan,2022-02-07,7,februari,2022,shopee,positif
minum langsung dapet sakit perut mens terimakasih,2022-03-27,27,maret,2022,shopee,positif
alhamdulillah udah abis minum hari,2022-06-13,13,juni,2022,shopee,positif
liat khasiat udah minum,2022-05-30,30,mei,2022,shopee,negatif
udh habis kotak blm mens,2020-10-05,5,oktober,2020,shopee,negatif
kali minum udah langsung dateng tamu cantik,2022-06-05,5,juni,2022,shopee,positif
udah minggu telat minum malempagi siang udah menstruasi,2021-06-09,9,juni,2021,shopee,positif
udh minum ngefekcm bercak merah dikittttt celana minum brp bnyk haid lancar,2022-06-12,12,juni,2022,shopee,negatif
msh telat ngefek,2021-09-15,15,september,2021,shopee,negatif
otw box halang,2022-06-18,18,juni,2022,shopee,negatif
mantapp kali minum langsung haid minggu telat,2022-08-31,31,agustus,2022,shopee,positif
haid langsung bungkus terimakasih,2023-07-26,26,juli,2023,shopee,positif
bener ampuh btw aq minum hr lngsung haid deres bnget nyeri perut ganggu aktvtas,2021-04-04,4,april,2021,shopee,positif
alhamdulillah cocok minum habis bungkus lngusng haid lancaaar jaya,2020-04-08,8,april,2020,shopee,positif
rekomendasi bgtt minum habis langsung haid bagus bgtt jamuuu,2022-03-22,22,maret,2022,shopee,positif
habis bungkus jamu mujarab banget,2021-12-02,2,desember,2021,shopee,positif
obat udh abis ttp blm haid,2020-10-17,17,oktober,2020,shopee,negatif
reaksi,2021-12-14,14,desember,2021,shopee,negatif
udah coba abis butir msh blm haid,2022-02-22,22,februari,2022,shopee,negatif
emas bagus jamu cocok banget jamu pelancar haid mantap pokok,2022-06-10,10,juni,2022,shopee,positif
minum efek,2022-02-21,21,februari,2022,shopee,negatif
cocok banget kali minum kapsul dapet bonus jamu serbuk langgan,2021-08-26,26,agustus,2021,shopee,positif
edit udah abis box blm haid brapa box yaa btw sediihhh pdhl telat blm bulan,2021-11-13,13,november,2021,shopee,negatif
sya telat minggu tespack hasil negatif minum jamu habis bungkus kali minum haid,2022-09-12,12,september,2022,shopee,negatif
pas semalem minum perut bergelombangterus sakit kayak haid gitu bentar,2022-10-25,25,oktober,2022,shopee,negatif
jamu bener bener bagus dia minum kali bener bener langsung haid telat bulan,2020-10-25,25,oktober,2020,shopee,positif
udah abis dus reaksi kudu piye tuuhhh,2021-02-17,17,februari,2021,shopee,negatif
habis blum haid telat bawa dr,2022-10-04,4,oktober,2022,shopee,negatif
hasil udah minum kali,2022-09-11,11,september,2022,shopee,negatif
udah habis obat,2021-11-16,16,november,2021,shopee,negatif
cocok minum jamu abis minum jamu badan karuan kaya sesak gtu,2022-09-09,9,september,2022,shopee,negatif
habis bungkus bom nyeri,2020-08-06,6,agustus,2020,shopee,negatif
cocok lancar bab,2022-10-02,2,oktober,2022,shopee,negatif
ampuh jamu aq telat haid bulan minum kali besok lgsg haid kluarnya dikit perut kram,2022-10-01,1,oktober,2022,shopee,positif
darah udah minum sesak nafas badan lemes karuankecewa,2022-06-27,27,juni,2022,shopee,negatif
minum kapsul hasil,2020-02-06,6,februari,2020,shopee,negatif
box blm het,2022-04-18,18,april,2022,shopee,negatif
pengaruh bos beli,2021-11-03,3,november,2021,shopee,negatif
higienis kapsul rambut panjaaaaang,2022-04-21,21,april,2022,shopee,negatif
udah minum habis kapsul pengaruh,2021-06-10,10,juni,2021,shopee,negatif
obat udh abis blm jugakecepatan kirim standar,2022-08-09,9,agustus,2022,shopee,negatif
manjur banget lho gaess beneran minum minggu habis tu lancaarrr flek sakit perut,2020-12-15,15,desember,2020,shopee,positif
bener bener ngefek minum langsung haid telat hari cuman ngeflek doang,2023-01-17,17,januari,2023,shopee,positif
pelancar,2021-10-27,27,oktober,2021,shopee,positif
efek,2020-03-15,15,maret,2020,shopee,negatif
beneran gefek jamu telat langsung lancar,2021-02-26,26,februari,2021,shopee,positif
udah abis minum blum telat minggu,2020-12-05,5,desember,2020,shopee,negatif
blm manfaat udah mnum efek mksh gratis bedak basah kak,2020-04-05,5,april,2020,shopee,negatif
reaksi kram perut minum,2022-01-14,14,januari,2022,shopee,negatif
reaksi apa minum pack,2022-04-15,15,april,2022,shopee,negatif
cocok ampuh,2021-09-29,29,september,2021,shopee,negatif
ubah,2021-12-20,20,desember,2021,shopee,positif
efek sma skali,2022-04-21,21,april,2022,shopee,negatif
cocok telat rekomendasi jamu,2021-01-25,25,januari,2021,shopee,positif
efek bener nyata jamu oke,2021-10-09,9,oktober,2021,shopee,positif
reaksi,2023-08-13,13,agustus,2023,shopee,negatif
maaf ngasih bintang pengaruh sedikit mbak,2022-05-27,27,mei,2022,shopee,negatif
kapsul uda abis bom haid nggak manjur,2021-10-24,24,oktober,2021,shopee,negatif
ndak pengaruh sekli,2023-08-09,9,agustus,2023,shopee,negatif
manjur tetep bln bln,2022-01-25,25,januari,2022,shopee,negatif
nga efek nyaa,2022-07-03,3,juli,2022,shopee,negatif
reaksi punmalah mah sakit,2022-08-09,9,agustus,2022,shopee,negatif
minum jamu haid,2021-11-24,24,november,2021,shopee,negatif
ngefek minum,2020-07-24,24,juli,2020,shopee,negatif
khasiat,2021-03-02,2,maret,2021,shopee,negatif
minum rutin dlm blm emas aman kardus thanks,2020-11-25,25,november,2020,shopee,negatif
lancar,2021-10-26,6,oktober,2021,shopee,positif
minum abis bungkus langsung haid bener bener manfaat banget,2022-04-13,13,april,2022,shopee,positif
udah minum rasa,2022-07-08,8,juli,2022,shopee,negatif
telat haid hr alhamdulillah minum lgsg lancar kirim cepat thx,2020-10-15,15,oktober,2020,shopee,positif
efek,2022-10-25,25,oktober,2022,shopee,negatif
udh minum haritapi reaksi,2022-04-21,21,april,2022,shopee,negatif
blm khasiat bad sayablm mens udh minum,2023-06-18,18,juni,2023,shopee,negatif
dtang haid pdhal habis bukus tespack negative k,2022-07-01,1,juli,2022,shopee,negatif
dtang haid pdhal habis bukus tespack negative,2022-10-21,21,oktober,2022,shopee,negatif
udah habis kemas blm bulansolusinya nambah kemas,2021-11-24,24,november,2021,shopee,negatif
minum rutin habis box blm dtg bln,2020-12-10,10,desember,2020,shopee,negatif
manjur saya,2020-05-07,7,mei,2020,shopee,negatif
udah coba minum efek,2021-12-05,5,desember,2021,shopee,negatif
kasih ulas karna nyoba allhmdulillah udah minum haid badan gel kayak,2022-03-15,15,maret,2022,shopee,positif
udah habis box haid,2022-01-25,25,januari,2022,shopee,negatif
coba istri keluh sakit perut nyeri pinggang antuk minum pil,2020-11-13,13,november,2020,shopee,negatif
pelancar haid,2022-10-14,14,oktober,2022,shopee,positif
bantu lancar haid,2022-09-30,30,september,2022,shopee,positif
hilang nyeri haid,2022-08-09,9,agustus,2022,shopee,positif
pelancar mens,2022-02-13,13,februari,2022,shopee,positif
udah habis bungkus efeknyaa,2022-06-03,3,juni,2022,shopee,negatif
jamu bagus efektif telat,2020-08-24,24,agustus,2020,shopee,positif
efek,2020-09-04,4,september,2020,shopee,negatif
khasiat,2020-11-03,3,november,2020,shopee,negatif
mantap manjur banget,2021-03-23,23,maret,2021,shopee,positif
khasiat udh dmnum smpe habis menstruasi yaa hrus brp bnkus bsa lancar haid,2023-02-28,28,februari,2023,shopee,negatif
blm khasiat bad sayablm mens udah,2020-04-19,19,april,2020,shopee,negatif
blom hasil,2020-07-19,19,juli,2020,shopee,negatif
lumayan efektif,2021-07-28,28,juli,2021,shopee,positif
blm kliatan khasiat ud minum,2023-01-05,5,januari,2023,shopee,negatif
efek,2020-11-18,18,november,2020,shopee,negatif
pelancar haid,2021-10-13,13,oktober,2021,shopee,positif
jamu manjur haid ku lancar,2020-03-12,12,maret,2020,shopee,positif
udah minum habis box ad hasil,2020-11-16,16,november,2020,shopee,negatif
udah abis reaksi ap,2021-11-15,15,november,2021,shopee,negatif
bln blm haidtespek negatifjamu sy minum hari kapsul sesuai aturansampe hr jamu hbs blm haid juganunggu,2023-07-25,25,juli,2023,shopee,negatif
ak dah coba minum kapsul lngsung haidpadahl beli bokssisa dech ak telat hr lngsung haid,2021-08-20,20,agustus,2021,shopee,positif
telat haid minum habis pack blm reaksi,2021-07-23,23,juli,2021,shopee,negatif
jafi mnum jamu sampe minum gpp besok mnum langdung muntah lanjutin,2022-01-28,28,januari,2022,shopee,negatif
nggak ngaruh minum jamu udah minggu smpe skrng blm haid,2022-04-25,25,april,2022,shopee,negatif
pakek ubah kayak minum cocok cocok,2020-03-16,16,maret,2020,shopee,negatif
cock reaksi sedih,2022-06-18,18,juni,2022,shopee,negatif
beli oke banget kotak minum langsung plong sampe habis kotak ubah,2022-04-04,4,april,2022,shopee,negatif
minum box sesuai atur pakai ttp lancar haid trimakasih,2022-02-09,9,februari,2022,shopee,negatif
efek,2021-11-13,3,november,2021,shopee,negatif
habis sachet ngefek efek udah habis bungkus,2021-02-07,7,februari,2021,shopee,negatif
br minum blom reaksi,2021-09-03,3,september,2021,shopee,negatif
ngaruh banget akubaru minum hari udah haid,2019-11-15,15,november,2019,shopee,positif
ngefek pdhal udah mo hbis,2021-04-05,5,april,2021,shopee,negatif
pack ngefek udah minggu haid,2022-09-22,22,september,2022,shopee,negatif
blm efek obat habis,2022-04-09,9,april,2022,shopee,negatif
udh abz kotak blm haid,2021-03-06,6,maret,2021,shopee,negatif
udh habis pack blm dateng,2020-11-14,14,november,2020,shopee,negatif
efek jamu,2022-01-08,8,januari,2022,shopee,negatif
kali minum langsung manjur bngt,2021-11-27,27,november,2021,shopee,positif
mens udah minum,2021-09-17,17,september,2021,shopee,negatif
ngaruh kecewa,2020-08-20,20,agustus,2020,shopee,negatif
cuba blm efek,2022-04-08,8,april,2022,shopee,negatif
hasil,2022-04-16,16,april,2022,shopee,negatif
efek,2022-05-29,29,mei,2022,shopee,negatif
nunggu manjur engga engga cocok kali yaaa,2021-09-01,1,september,2021,shopee,negatif
baruu minum perubahm siii hasill nanti klarivikasi,2022-08-02,2,agustus,2022,shopee,negatif
kerennnn bangetttt alhamdulillaahh minum eh langsung haid bangetttt,2021-02-11,11,februari,2021,shopee,positif
lumayan pengaruh lancar menstruasi telaten,2022-09-24,24,september,2022,shopee,positif
efek udh minum ttep msh blom haid,2022-08-13,13,agustus,2022,shopee,negatif
ampuhh banget maaf review udh telat minggu trus minum sm rutin minum wedang jahe alhamdulilah dtng,2022-03-09,9,maret,2022,shopee,positif
so far udah abis box efek udh mixed bubuk,2022-01-17,17,januari,2022,shopee,negatif
alhamdulillah langsung lancar haid,2022-02-07,7,februari,2022,shopee,positif
udah nyoba ngga dapetsih,2021-02-09,9,februari,2021,shopee,negatif
mempan haid cocok,2022-03-19,19,maret,2022,shopee,negatif
ngefek haid,2023-07-14,14,juli,2023,shopee,negatif
jamu manjur sekalicocok telat,2020-12-11,11,desember,2020,shopee,positif
mempan jamu,2020-05-23,23,mei,2020,shopee,negatif
serius jamu manjur banget top pokok,2022-09-01,1,september,2022,shopee,positif
efek jamu cepat telat lancar banget haid,2022-02-25,25,februari,2022,shopee,positif
ubah apa,2021-11-16,16,november,2021,shopee,negatif
emang jamu bagus banget mens atur,2022-12-14,14,desember,2022,shopee,positif
minum pagi sore reaksi,2021-11-12,12,november,2021,shopee,negatif
udah pesan emang cocok deh makasih,2021-10-30,30,oktober,2021,shopee,positif
jamu efektif banget atas nyeri menstruasi kirim cepat packing rapi mantap ban,2020-03-16,16,maret,2020,shopee,positif
sengaja kasih nilai tanggal november ken khasiat emang bagus sang,2021-10-28,28,oktober,2021,shopee,positif
beli pack alhamdulillah habis pack mens kirim cptr beli kemari besok dateng masya allah neng,2022-05-27,27,mei,2022,shopee,positif
langgananampuh telat karna atur respon lancar pengiramcepet banget ttim,2020-06-11,11,juni,2020,shopee,positif
haid sakit pdhl sblm lahir udah sakit efek muncul jerawat sblm mens bnr bersi,2021-07-28,28,juli,2021,shopee,positif
sengaja kasih nilai obat jamu bener manjur ngebantu udah telat mens hari efek,2022-07-06,6,juli,2022,shopee,positif
ampuh telat haid minum hari kapsul hari kapsul ta,2021-05-16,16,mei,2021,shopee,positif
haid lancar flek minum lgsg lancar bgs dtg bulan ngga traturkluar flek jamu bener dt,2023-01-26,26,januari,2023,shopee,positif
udah keberapaaaaa gt order manjur gercep aman sampe rumah dapet free kl butuh free,2022-07-16,16,juli,2022,shopee,positif
minum abis bungkus langsung haid bener bener manfaat banget seri,2021-02-03,3,februari,2021,shopee,positif
pas banget jamu abis trus besok jelang pagi haid kapsul minum enak,2022-04-16,16,april,2022,shopee,positif
beli efek samping haid lancar,2022-11-06,6,november,2022,shopee,positif
minum kapsul udh lumayan prubhan udh tanda perut nyeri kayak datng,2023-02-09,9,februari,2023,shopee,positif
alhamdulillah pake pelancar haid cocok instant ta,2020-07-12,12,juli,2020,shopee,positif
udah habis box blm tanda haid,2022-01-14,14,januari,2022,shopee,negatif
minum kali langsung lancar,2020-11-04,4,november,2020,shopee,positif
beli paket trus takut bom manjurakhirnya beli pas paket udah eh udah pms,2021-12-08,8,desember,2021,shopee,positif
reaksi apa terimakasih bonus nyasaya ampuh minum efek mala,2022-03-27,27,maret,2022,shopee,negatif
alhamdulillah udh haid skrg haid lancar respon seller cepat,2021-07-28,28,juli,2021,shopee,positif
khasiat bagus butuh proses beli udah nyapokoknya sip,2021-07-29,29,juli,2021,shopee,positif
jamu manjur sayacocok haid minumagar haid waktualhamdulilah,2022-08-22,22,agustus,2022,shopee,positif
minum langsung efek minum flek coklat kemarin haid telat ha,2021-04-18,18,april,2021,shopee,positif
sengaja buktiin productnya reviewdan hasil memuaskansaya telat haid skrg haid lgalhamdulillah,2021-08-14,14,agustus,2021,shopee,positif
tokcer abis minum haid lgsg lancar cma flek trs,2022-04-07,7,april,2022,shopee,positif
mantap dach alhamdulillah minum kotak udah tokcer niehehehehe,2021-11-20,20,november,2021,shopee,positif
ampuh banget konsumsi langsung darah wasw,2021-10-10,10,oktober,2021,shopee,positif
alhamdulilah obat cocok minum box halang lancar bulan aman,2022-07-09,9,juli,2022,shopee,positif
bagus jamu ngaruh udah abis dus pikir seller ramah kirim super cepet,2021-12-09,9,desember,2021,shopee,negatif
sengaja kasih ulas lambat minum kali sesuai anjur pakai alhamdulilah nama tamu langsung,2021-08-28,28,agustus,2021,shopee,positif
alhamdulillah bungkus udh makasih kak manjur seka alhamdulillah,2022-09-28,28,september,2022,shopee,positif
kemaren pagi nyoba nyeri dikit perut masil haid,2022-06-01,1,juni,2022,shopee,negatif
asli bagus banget makasih seller haid ku lancar,2022-10-02,2,oktober,2022,shopee,positif
produk bagus udah beli alhamdulillah lancar,2022-11-28,28,november,2022,shopee,positif
barang bangett minum kotak langsung dapet haidterimakasih banyakk kakkk barang selamat,2022-09-24,24,september,2022,shopee,positif
minum langsung badan udh sakit karna haid atur skrg enakeunn mudah tratu,2022-01-25,25,januari,2022,shopee,positif
udah telat minggu minum efek,2023-01-05,5,januari,2023,shopee,negatif
minum resep hasil langsung,2020-05-18,18,mei,2020,shopee,positif
sengaja ngasih nilai menjur ndak emang manjur akuu,2019-12-17,17,desember,2019,shopee,positif
bagusbagus manfaat orang telat,2020-12-18,18,desember,2020,shopee,positif
minum kali manjur banget haid lansung lancar,2021-11-22,22,november,2021,shopee,positif
telat tgl minum jamu pagi siang langsung haid,2020-11-27,27,november,2020,shopee,positif
sengaja ngasih ulas diminumsangat bantu kakmksh yaaabru minum pagi malam besokny,2022-08-22,22,agustus,2022,shopee,positif
honest review banget tgl april telat udah hari pahadal sbelumnya telat minum l hasil lancar,2022-11-01,1,november,2022,shopee,positif
beli karna telat rutin lancar order lancar karna gel pe,2021-07-29,29,juli,2021,shopee,positif
khasiat manjur haid pas udah henti minum layan bagus bintang,2023-02-28,28,februari,2023,shopee,negatif
obat bagus kali makan haid,2021-11-14,14,november,2021,shopee,positif
produk telat haid,2022-02-03,3,februari,2022,shopee,positif
udah repurchase kali manjur banget minum langsung haid top,2020-08-25,25,agustus,2020,shopee,positif
udah habis minum pack mas halanganmens,2022-06-27,27,juni,2022,shopee,negatif
sampek bom haid pil gede,2022-07-10,10,juli,2022,shopee,negatif
kali order bener recomend langsung haid lancar,2020-09-17,17,september,2020,shopee,positif
mantap kapsul minum lgsg haid,2021-01-21,21,januari,2021,shopee,positif
efek kirim cepat terimakasih,2020-04-02,2,april,2020,shopee,negatif
muas trimakasih seller sukses recommended,2022-12-09,9,desember,2022,shopee,positif
udah minum hri tpy blumjuga haid,2021-02-22,22,februari,2021,shopee,negatif
murah guna lancar haid,2022-07-30,30,juli,2022,shopee,positif
beli yng emng manjur,2023-03-01,1,maret,2023,shopee,positif
hari kapsul langsung haid tetep lanjutin sampe box habis krna hr haid lendir,2021-10-07,7,oktober,2021,shopee,positif
habis bungkus efek,2022-03-15,15,maret,2022,shopee,negatif
bagus kualitas jamu,2022-03-18,18,maret,2022,shopee,positif
bantu melancatkain haid atur,2021-10-09,9,oktober,2021,shopee,positif
telat,2021-12-13,13,desember,2021,shopee,positif
khasiat telat,2020-04-13,13,april,2020,shopee,positif
bagus minum lancar haid,2021-10-11,11,oktober,2021,shopee,positif
lancar haid,2023-01-31,31,januari,2023,shopee,positif
nampol banget asli jamu,2020-12-21,21,desember,2020,shopee,positif
ubah,2021-08-12,12,agustus,2021,shopee,negatif
manjur banget sip,2020-11-07,7,november,2020,shopee,positif
fektif telat,2021-04-12,12,april,2021,shopee,positif
khasiat lancar mens,2021-12-18,18,desember,2021,shopee,positif
lancar haid bagus pokok jamu,2020-05-14,14,mei,2020,shopee,positif
efek jamu enak,2021-10-26,26,oktober,2021,shopee,negatif
manjur cocok,2022-01-27,27,januari,2022,shopee,positif
manjurmantul langgan kurang sakit lancar haid,2022-09-15,15,september,2022,shopee,positif
pakai efek,2022-02-04,4,februari,2022,shopee,negatif
lancar haid,2021-08-24,24,agustus,2021,shopee,positif
bantu atas lambat haid,2021-03-16,16,maret,2021,shopee,positif
lancar haid,2022-08-07,7,agustus,2022,shopee,positif
lambat,2022-04-05,5,april,2022,shopee,positif
bagus produk,2022-07-28,28,juli,2022,shopee,positif
melancarakan,2021-10-27,27,oktober,2021,shopee,positif
bagus haid atur,2022-11-02,2,november,2022,shopee,positif
bagus banget jamu lancar haid,2022-04-01,1,april,2022,shopee,positif
pelancar haid atur,2022-09-27,27,september,2022,shopee,positif
efektif mellancarkan haid,2021-03-08,8,maret,2021,shopee,positif
manjur habis lgsg haidrecomended haid atur,2020-09-30,30,september,2020,shopee,positif
bru minum kali langsung gacor haid ku lancar,2021-12-01,1,desember,2021,shopee,positif
alhamdulillah jamu cocok habis bungkus haid ku langsung dateng telat,2022-04-17,17,april,2022,shopee,positif
habis resep mens,2023-01-26,26,januari,2023,shopee,negatif
ampuh banget lancar haid,2022-05-11,11,mei,2022,shopee,positif
atas telat,2022-07-15,15,juli,2022,shopee,positif
bersih rahim lahir,2022-01-24,24,januari,2022,shopee,positif
lancar menstruasi,2021-08-01,1,agustus,2021,shopee,positif
bantu atas telat haid,2020-03-24,24,maret,2020,shopee,positif
abis minum darah banget,2021-03-21,21,maret,2021,shopee,positif
kali beli alhamdulillah cocok kualitas produk,2022-10-21,21,oktober,2022,shopee,positif
reda nyeri haidmembantu lancar telat haid,2021-06-08,8,juni,2021,shopee,positif
bantu cepat telat,2022-04-22,22,april,2022,shopee,positif
lancar,2022-06-14,14,juni,2022,shopee,positif
khasiat,2022-01-21,21,januari,2022,shopee,positif
efektif lancar haid,2022-03-14,14,maret,2022,shopee,positif
lancar,2022-04-09,9,april,2022,shopee,negatif
alhamdulillah cocok jamu badan enak pas bulan dpt bonus,2020-07-05,5,juli,2020,shopee,positif
mesan kemaren ud habis pack blm khasiat,2022-06-17,17,juni,2022,shopee,negatif
harga murah kualitas topp,2022-09-08,8,september,2022,shopee,positif
lancar haid cocok efektif,2021-11-11,11,november,2021,shopee,positif
efek,2022-03-21,21,maret,2022,shopee,negatif
ubah coba,2022-04-19,19,april,2022,shopee,negatif
haid lancar,2021-01-28,28,januari,2021,shopee,positif
kualitas produk produk original harga murah,2022-05-26,26,mei,2022,shopee,positif
lancar mens,2021-09-01,1,september,2021,shopee,positif
mantull bagus ok pokok,2021-11-14,4,november,2021,shopee,positif
obat ampuh malam makan pagi langsg mens,2022-08-14,14,agustus,2022,shopee,positif
lancar haid atur,2022-02-15,15,februari,2022,shopee,positif
obat ampuh malam makan pagi langsg mens,2022-02-28,28,februari,2022,shopee,positif
jamu minum haid langsung lancar,2022-05-14,14,mei,2022,shopee,positif
muas mantaaaapppp,2022-06-11,11,juni,2022,shopee,positif
bagus khasiat,2022-03-31,31,maret,2022,shopee,positif
jamu menjur banget terimakaih,2020-06-24,24,juni,2020,shopee,positif
produk jamu bagus manjur,2021-11-21,21,november,2021,shopee,positif
hasil,2020-03-09,9,maret,2020,shopee,negatif
minum habis haid pokok jmunya top banget,2023-08-24,24,agustus,2023,shopee,positif
sip bngt jamu minum pil langsng makasih seller,2020-11-18,18,november,2020,shopee,positif
beneran baguus jamu sip,2022-09-25,25,september,2022,shopee,positif
lancar haid cocok telat,2022-03-26,26,maret,2022,shopee,positif
bagus haid lancar banget,2023-02-28,28,februari,2023,shopee,positif
muas haid lancar,2020-05-06,6,mei,2020,shopee,positif
sengaja kasih nilainunggu reaksi dulualhamdulillah manjur telat hrminum habis dapet haid packing rapiprivatepengiriman cepet bangetcuma beli bonusmakasih seller,2022-08-11,11,agustus,2022,shopee,positif
haid lancar terratur,2021-10-28,28,oktober,2021,shopee,positif
efektif banget jamu cocok telat,2022-12-07,7,desember,2022,shopee,positif
manjur banget bagus konsumsi,2021-02-11,11,februari,2021,shopee,positif
minum kotak blm pengaruh,2020-09-07,7,september,2020,shopee,negatif
tangan telat,2020-12-19,19,desember,2020,shopee,positif
bener ampuh paket dtg jam langsung aq minum reaksi cepat banget jam langsung lega banget terima kasih kak,2021-03-06,6,maret,2021,shopee,positif
efektif telat haid,2021-11-12,12,november,2021,shopee,positif
cepat haid,2022-05-25,25,mei,2022,shopee,positif
telat,2021-05-31,31,mei,2021,shopee,positif
minum langsung darah menstruasi trimakasih kakk,2020-10-29,29,oktober,2020,shopee,positif
obat ampuh lancar haid,2021-09-19,19,september,2021,shopee,positif
jamu telat,2021-09-04,4,september,2021,shopee,positif
khasiat mantapppp ragu,2022-04-02,2,april,2022,shopee,positif
barang oke kualitas produk bagus kecewa,2021-09-09,9,september,2021,shopee,positif
bener bener ampuh banget,2022-11-14,14,november,2022,shopee,positif
kualitas produk manjur mens lancar,2021-11-11,11,november,2021,shopee,positif
jamu luntur bagus manjur,2022-01-26,26,januari,2022,shopee,positif
cocok produk next time order,2022-03-24,24,maret,2022,shopee,positif
kualitas produk mens lancar,2020-06-29,29,juni,2020,shopee,positif
neng barang bagus mens langsung gacor,2020-10-29,29,september,2020,shopee,positif
maaf kasih ulas karna coba pake alahdmulillah manjur,2021-03-17,17,maret,2021,shopee,positif
manjur top banget,2020-03-25,25,maret,2020,shopee,positif
habis box manjur terimakasih,2020-11-25,25,november,2020,shopee,positif
khasiat banget jamu,2021-02-26,26,februari,2021,shopee,positif
kualitas barang,2022-03-29,29,maret,2022,shopee,positif
ngefek jamu serius,2022-08-25,25,agustus,2022,shopee,negatif
produk original,2023-07-06,6,juli,2023,shopee,positif
lancarin haid,2021-06-06,6,juni,2021,shopee,positif
gada efek jamu sedih banget,2021-04-16,16,april,2021,shopee,negatif
pelancar haid,2022-03-18,18,maret,2022,shopee,positif
manjur lancar haid,2020-09-01,1,september,2020,shopee,positif
respon jual kirim alhamdulillah hbs kapsul blm haid hormon bedaefek kb suntik terima kasih seller,2021-09-22,22,september,2021,shopee,negatif
produk murah harga jamu bener bener manjut banget,2023-07-11,11,juli,2023,shopee,positif
minum kali haid pdhl udh telat minggubersyukur banget alhamdulillah pokok recommended,2022-07-09,9,juli,2022,shopee,positif
bagus banget udah telat bulan minum jamu nifus bu,2020-12-03,3,desember,2020,shopee,positif
minum tanda tanda mens,2021-03-29,29,maret,2021,shopee,negatif
bagus banget minum langsung halang,2020-07-07,7,juli,2020,shopee,positif
bbrpa kali minum lgsg kluar deras nyeri perut,2020-11-04,4,november,2020,shopee,positif
asli bagus banget obat cocok banget telat haid,2022-08-24,24,agustus,2022,shopee,positif
lancar haid banget,2022-09-29,9,september,2022,shopee,positif
manjurjamunya gokil banget,2023-02-10,10,februari,2023,shopee,positif
manjur suka produk pastinyaa repeat order,2023-01-26,26,januari,2023,shopee,positif
ngga hasil hasil individu beda,2021-03-08,8,maret,2021,shopee,negatif
top bangeeeeet telat bulan lgsg halang,2022-05-17,17,mei,2022,shopee,positif
minum ngefek,2022-04-30,30,april,2022,shopee,negatif
jamu mens lambat,2020-04-21,21,april,2020,shopee,positif
minum sesuai anjur produk hari kapsul langsung haid esok,2021-07-20,20,juli,2021,shopee,positif
barang terima minum habis bungkus blm tanda,2021-07-30,30,juli,2021,shopee,negatif
pahit banget jamu enak,2020-11-08,8,november,2020,shopee,negatif
mantap minum langsung,2021-08-14,14,agustus,2021,shopee,positif
ngaruh langsung lancar habis bungkus,2022-05-19,19,mei,2022,shopee,positif
ngefek jamu nifas udah minum,2022-02-03,3,februari,2022,shopee,negatif
cocok telat haid alami keluh,2022-06-04,4,juni,2022,shopee,positif
efek haid,2021-08-04,4,agustus,2021,shopee,negatif
minum langsung deres,2021-08-24,24,agustus,2021,shopee,positif
seger banet jamu,2022-06-20,20,juni,2022,shopee,positif
jamu cocok banget alhamdulilah kali haid telat telat ngalamin gel minum pack alhamdulilah bantu banget,2021-10-21,21,oktober,2021,shopee,positif
langgan cocok atas lambat,2022-06-09,9,juni,2022,shopee,positif
jamu,2022-04-11,11,april,2022,shopee,negatif
order langsung manjur rekomen deh poko,2022-10-27,27,oktober,2022,lazada,positif
telat minum pagi harimalamnya langsung min,2022-03-18,18,maret,2022,lazada,positif
kecewa banget ngefek,2020-04-09,9,april,2020,lazada,negatif
efek sakit perut,2021-11-17,17,november,2021,lazada,negatif
top markotop pokok minum langsung bocor,2022-11-23,23,november,2022,lazada,positif
emng termantul coba kapsul sma tuntas ngefek minum bru bungkus udh mens dongsebagus,2022-04-12,12,april,2022,lazada,positif
udah habis pack tanda haidh,2020-08-07,7,agustus,2020,lazada,negatif
mantap jamu cocok banget lansung manjur,2020-11-21,21,november,2020,lazada,positif
bagus bru pake udh haid,2022-08-20,20,agustus,2022,lazada,positif
mantul selang langsung haid,2021-11-03,3,november,2021,lazada,positif
bukti bantu lancar haidterimakasih,2022-03-07,7,maret,2022,lazada,positif
sen lansung manjur,2020-03-27,27,maret,2020,lazada,positif
ubah ngefek,2022-03-27,27,maret,2022,lazada,negatif
minum hasil,2020-07-29,29,juli,2020,lazada,negatif
minum hri liat hasil nyahaid deres,2021-08-08,8,agustus,2021,lazada,positif
alhamdulillah minum langsung telat terimakasih,2022-08-29,29,agustus,2022,lazada,positif
ngefek habis box,2022-06-05,5,juni,2022,lazada,negatif
udah minum reaksi,2022-11-18,18,november,2022,lazada,negatif
enak badan nyeri dapet lancar,2022-01-15,15,januari,2022,lazada,positif
lancar haid bagus,2021-11-06,6,november,2021,lazada,positif
udh kali kali beli dsini langgan banget telat dateng manjur,2022-01-25,25,januari,2022,lazada,positif
pelancar haid cocok banget,2020-02-25,25,februari,2020,lazada,positif
manjur baget lancar haid udah haid,2023-02-23,23,februari,2023,lazada,positif
alhamdulillah izin alloh swt mnm kali hasil mantul,2022-06-26,26,juni,2022,lazada,positif
manjur udah minum sampe obat abis,2022-08-25,25,agustus,2022,lazada,negatif
badan panas sakit tidk ngefek,2021-09-07,7,september,2021,lazada,negatif
jamu ampuh udah minum rutin box hasil,2021-03-06,6,maret,2021,lazada,negatif
ngefek bungkus habis,2022-05-17,17,mei,2022,lazada,negatif
kasiatnya kecewa,2020-06-25,25,juni,2020,lazada,negatif
habis kotak kasiat,2023-01-29,29,januari,2023,lazada,negatif
reaksi guna,2022-08-30,30,agustus,2022,lazada,negatif
udah minum minggu hasil,2021-08-23,23,agustus,2021,lazada,negatif
lancar,2022-04-15,15,april,2022,lazada,positif
cocok minum langsung muntah kayak mabok kebanyakn dosis sesuai minum,2023-02-20,20,februari,2023,lazada,negatif
udah minum udah abis taip hasil telat minggu,2022-11-13,13,november,2022,lazada,negatif
perububahan minum rutin badan gemuk bb betis paha ngembang nang umur,2022-02-06,6,februari,2022,lazada,negatif
mantap minum lagsung haid,2021-11-15,15,november,2021,lazada,positif
efek apa,2022-02-09,9,februari,2022,lazada,negatif
murah bange jamu ngefeknya bener ngefek,2022-04-04,4,april,2022,lazada,positif
lancar,2021-10-02,2,oktober,2021,lazada,positif
maaf ngasih ulasankarna reaksi obat barang tgl juni langsung minum jamu inidan tgl agustus haid alhamdulillah jamu manjur,2022-01-22,22,januari,2022,lazada,positif
bagus original jamu mantap banget,2021-06-07,7,juni,2021,lazada,positif
cepet sampeknyaa packaging rapih dapet bonus jugaa stelah mnum smpek abis trus besok mens alhamdulillah pdahal telat mens minggu pas mens bneran jdi sakit pdahal selal,2020-01-16,16,januari,2020,lazada,positif
udah pake jamu manjur,2020-10-30,30,oktober,2020,lazada,positif
cocok banget telat,2022-01-28,28,januari,2022,lazada,positif
udah habis kotak mempan,2022-05-16,16,maret,2022,lazada,negatif
mantul banget produk minum haidperut nyeri darah lancar banget terimakasih,2020-10-08,8,maret,2020,lazada,positif
top banget kali minum dah deres banget badan pegelpegel minum dah,2020-09-19,19,maret,2020,lazada,positif
manjur minum langsung haid,2022-10-12,12,maret,2022,lazada,positif
habis bungkus hasil,2019-08-28,28,maret,2019,lazada,negatif
rekomdasikan bngt minum lngsung haid insaalloh order trimakasih moga toko maju,2023-02-15,15,maret,2023,lazada,positif
trimakasih kakakstelah minum abis akirnya tunggu,2020-06-09,9,maret,2020,lazada,positif
alhamdulillah minum langsung bocorqodarulloh trims bonus,2020-03-15,15,maret,2020,lazada,positif
kayak cocok akutelat mens mnggu hbs bngkusgak efek,2020-10-08,8,maret,2020,lazada,negatif
habis kotak ubah haid,2022-06-26,26,maret,2022,lazada,negatif
hasil udah abis dus,2020-11-24,24,maret,2020,lazada,negatif
udah habis bungkus efek,2022-06-22,22,maret,2022,lazada,negatif
cocok minum rutin,2021-02-06,6,maret,2021,lazada,positif
emng termantul coba kapsul sma tuntas ngefek minum bru bungkus udh mens dongsebagus,2022-07-04,4,maret,2022,lazada,positif
udah habis pack tanda haid,2021-04-11,11,maret,2021,lazada,negatif
udh abis bungkus nihil kak,2023-07-02,2,maret,2023,lazada,negatif
mantul haid minum pil langsung haid,2022-08-23,23,maret,2022,lazada,positif
manjur huhu udah minum habis,2021-09-26,26,maret,2021,lazada,negatif
minum habis bungkus sampe haid sedih,2022-10-04,4,maret,2022,lazada,negatif
lancar haid atur,2022-02-07,7,maret,2022,lazada,positif
kualitas produk produk original harga produk cepat kirim respon jual,2022-02-21,21,maret,2022,lazada,positif
telat minggu khasiat,2022-01-07,7,maret,2022,lazada,negatif
khasiat kecewa,2019-11-14,14,maret,2019,lazada,negatif
kirim cepat respon penjula produk original thankyou seller,2020-09-04,4,maret,2020,lazada,positif
manjurmantul banget jamu langgan,2023-07-21,21,maret,2023,lazada,positif
khasiat ngefek dah kecewa banget,2023-02-11,11,maret,2023,lazada,negatif
lancar,2022-07-02,2,maret,2022,lazada,positif
alhamdulillah bungkus udh makasih kak manjur,2020-08-27,27,maret,2020,lazada,positif
alhamdulillah hari minum langsung haid lancar udah telat minggu,2021-12-18,18,maret,2021,lazada,positif
manjur banget jamu toppp banget,2022-09-25,5,maret,2022,lazada,positif
coba minggu manjur sip pokok deh,2022-01-28,28,maret,2022,lazada,positif
minum habis,2022-11-30,30,maret,2022,lazada,negatif
udah minum hbs blm menstruasi yaasaya udah,2020-04-07,7,maret,2020,lazada,negatif
obat dah abis haid obat fungsi,2019-11-05,5,maret,2019,lazada,negatif
kapsul udh habis kak sisa tablet habis reaksi head lancar ko reaksi kak gitu,2023-08-15,15,maret,2023,lazada,negatif
bukti rekayasa terima kasih gan kwalitas produk order manjur banget,2020-12-25,25,maret,2020,lazada,positif
tgl mar malam minum rutin kapsul pagi kasul malam tanggal mar malam mens recommended product,2022-06-23,23,maret,2022,lazada,positif
maaf kasih ulusan jamu mujarab suka krna sy cocok jamu makasih kak,2019-11-15,15,maret,2019,lazada,positif
udah minum bungkus tatap hasil,2021-03-05,5,maret,2021,lazada,negatif
gatau benr ngefek tubuh orgga prnh beli krna haid gt ps minum abis bru dapet dlem minggu lebh trs sen skrg bru mnm smlm skrg paginy dateng,2022-04-08,8,maret,2022,lazada,positif
puas belanja toko cocok jamu kasih free sari rapet makasih seller,2022-10-06,6,maret,2022,lazada,positif
reaksi udah tinggal kapsul minum,2022-06-13,13,maret,2022,lazada,negatif
barang hr kamis sore jam lagsung minum kapsuldan alhamdulillah jumat jam siang dapet mens deh manjur bangt jamu recomended banget,2021-03-19,19,maret,2021,lazada,positif
sorry kasih ulas obat mantull pokok mah kali minum esok langsung dapet head mantap,2020-01-13,13,maret,2020,lazada,positif
minum kapsul langsung mens bnr mujarab ampuh kak nemu obat ampuh pake obat pelancar hed ampuh mh doang udh ampuh good mksh lazada seller,2022-06-08,8,maret,2022,lazada,positif
maaf kasih ulas pas langsung minum sesuai atur k lsg siang terusin minum obat badan enak dkit pinggang hilang mantap pkonya,2020-07-11,11,maret,2020,lazada,positif
pesan mujarab sip pokok privasi jaga,2021-09-21,21,maret,2021,lazada,positif
kecewa banget jamu reaksi sedih,2021-10-28,28,maret,2021,lazada,negatif
obat udah sisa blm dapet,2020-02-11,11,maret,2020,lazada,negatif
bener manjur minum langsung dapet,2020-05-04,4,maret,2020,lazada,positif
udah minum kali blum reaksi,2019-09-11,11,maret,2019,lazada,negatif
kali beli tonersecinta produk bener wajah cerah bekas jerawat udah pudar,2020-09-08,8,maret,2020,lazada,positif
maaf ngasih ulas sy ken kasiatnya ngga jagada reaksi,2019-09-24,24,maret,2019,lazada,negatif
jamu mantul malam minum pagi minum kali minum siang langsung haid udah telat minggu,2020-11-19,19,maret,2020,lazada,positif
barang dtg minum blm hasil,2020-05-20,20,mei,2020,lazada,negatif
mantappp udh talat minggu mnum dngn tratur bgitu abis langsung keluarpokokke mantul dweh,2020-12-16,16,desember,2020,lazada,positif
blum coba smoga ja ccok aq udah bli haed mas kurir,2020-10-11,11,oktober,2020,lazada,positif
gilaa parah obat gua blm dapet dapet bln an trus gua minum obat pagi jam jam gue udh nge flek trus jam gua udah darah dapet makasih pokok ngerti gue pokok makasih,2022-03-14,14,maret,2022,lazada,positif
obat yh lalusudah minum jugatapi reaksi sekalisisa obat tingal kali minum lagiapa menunggi obat habis reaksinyapadahal minum sesuai anjur xsehari capsulblom reaksiudah telat mens,2022-06-17,17,juni,2022,lazada,negatif
emas super keren bener bener jaga privasi alhamdulillah dah haid minum tengkyu lazada,2021-10-22,22,oktober,2021,lazada,positif
mantuultelat haid minum obat rutin ampe abis,2022-08-05,5,agustus,2022,lazada,positif
mujarap jamu minum malam siang langsung dapet maksih sis,2020-10-23,23,oktober,2020,lazada,positif
kecewa udh abiss nggk haid jga sya mh udh ngarep ajh minum lngsung haid ehh nyatanyhh blum haid jga udh abis lgi kcewa bnerr,2021-11-14,14,november,2021,lazada,negatif
manjur atur habis bungkus langsung haid,2020-12-06,6,desember,2020,lazada,positif
brng haid beres maksih seler bnget,2022-02-17,17,februari,2022,lazada,positif
bagus abis kotak udah dpt haid udah telat,2022-08-09,9,agustus,2022,lazada,positif
udah konsumsi tanda,2022-12-25,25,desember,2022,lazada,negatif
udah haid minum langsung haid,2022-06-15,15,juni,2022,lazada,positif
muas seger jamu,2021-08-24,24,agustus,2021,lazada,positif
udah minum udah kapsul habisnya blm ubah,2022-03-24,24,maret,2022,lazada,negatif
jamunya minum mens ajah mantapp,2023-08-13,13,agustus,2023,lazada,positif
udah minum kak,2021-08-07,7,agustus,2021,lazada,negatif
habis dus blm,2021-08-26,26,agustus,2021,lazada,negatif
jamu mujarab bangetbaru kali minum obat langsung dateng udah beli ngga lancar,2022-08-10,10,agustus,2022,lazada,positif
kemarin siang sampe barang eh malam dipake pas tidur pagi lgsg menstruasi maksih yaaaa obat mujarab,2021-04-16,16,april,2021,lazada,positif
mantap jamain lancar banget haid,2022-06-25,25,juni,2022,lazada,positif
bener ampuh banget langsung dapet haid dapet haid,2021-08-29,29,agustus,2021,lazada,positif
udh abis blom dpet haid,2022-03-21,21,maret,2022,lazada,negatif
ubah manjur,2022-03-27,27,maret,2022,lazada,negatif
gada kembang obat habis bulan,2021-09-02,2,september,2021,lazada,negatif
telat minum obat lngsung haid mantap,2021-11-16,16,november,2021,lazada,positif
udh minum ok gah reaksisi obat udh abis,2020-12-22,22,desember,2020,lazada,negatif
udh habis tgal minum reaksi sma sekli,2022-09-11,11,september,2022,lazada,negatif
ampuhbaru minum langsung haid,2021-11-30,30,november,2021,lazada,positif
ad reaksi nyag haid smpe hbs obat blm haid,2023-06-24,24,juni,2023,lazada,negatif
baguss kewa,2022-12-17,17,desember,2022,lazada,positif
manjur bangetmakasih,2022-10-01,1,oktober,2022,lazada,positif
manjur,2021-10-27,27,oktober,2021,lazada,positif
mantap jamu maduranya minum langsung haid thanks,2021-10-06,6,oktober,2021,lazada,positif
puas minum kapsul langsung haid makasih lazada moga amanah,2022-03-31,31,maret,2022,lazada,positif
minum rutin langsung hasil obat bagus,2022-07-22,22,juli,2022,lazada,positif
mantap kli minum udh haidmakasih,2021-10-24,24,oktober,2021,lazada,positif
langsung kluar ka oke banget obat,2020-06-17,17,juni,2020,lazada,positif
obat udah abis reaksi,2022-06-02,2,juni,2022,lazada,negatif
mantapp minum kali udah lancar,2021-12-12,112,desember,2021,lazada,positif
jamu bagus banget,2021-09-09,9,september,2021,lazada,positif
alhamdulillah siang paket lngsung minum alhamdulillah sore haid,2022-03-13,13,maret,2022,lazada,positif
gada khasiat dah abis bungkus konsumsi hari,2021-05-02,2,mei,2021,lazada,negatif
minum obat darah pas mimum obat langsung darah banget mantaaap puas ko efek samping lemes sakit,2022-02-10,10,februari,2022,lazada,positif
jamu udah habis reaksi,2022-09-08,8,september,2022,lazada,negatif
kapsul bom mens,2022-06-06,6,juni,2022,lazada,negatif
ngelancarin haid bohong mba suka bohong mba dosa,2020-05-14,14,mei,2020,lazada,negatif
dah pemesanantp reaksi,2021-08-02,2,agustus,2021,lazada,negatif
asli obat mujarab bngt minum pil jam sore pas skrg lngsng mens thxx yaa,2020-04-06,6,april,2020,lazada,positif
reaksi habis box,2019-11-17,17,november,2019,lazada,negatif
dah minum bungkusko blom mens dah beli bungkusgimana,2021-10-21,21,oktober,2021,lazada,negatif
jamu mujarab,2021-01-22,22,januari,2021,lazada,positif
matep minum langsung haid,2022-12-16,16,desember,2022,lazada,positif
brang udh nyampek mksih lasada,2021-11-17,17,november,2021,lazada,positif
alhamdulilah minum langsung haid obat kemas bagus rapi kurir ramah terima kasih lazada,2023-08-08,8,agustus,2023,lazada,positif
konsumsi kalitapi blom mens,2022-03-05,5,maret,2022,lazada,negatif
uda ku minum kali bkm,2021-12-29,29,desember,2021,lazada,negatif
sempet kasih ulas bintang dah poko baguss sempet mempan sampe obat habis haid eh obat habis alhamdulillah haid udah telat minggu,2021-12-26,26,desember,2021,lazada,positif
kecewa blm hasil blm reaksi,2022-08-06,6,agustus,2022,lazada,negatif
pesan dah sampaitapi knp udah minum mens,2021-02-26,26,februari,2021,lazada,negatif
blm bln dah habis,2022-12-05,5,desember,2022,lazada,negatif
obat manjur udh abis smua minum haid,2019-11-12,12,november,2019,lazada,positif
efek habis bungkis,2021-10-27,27,oktober,2021,lazada,negatif
jamu udah habis reaksi,2022-03-14,14,maret,2022,lazada,negatif
udh minum sesuai aturantpi hasil,2021-09-29,29,september,2021,lazada,negatif
hasil pdhl uda minum,2020-06-21,21,juni,2020,lazada,negatif
obat ampuh top banget,2020-10-14,14,oktober,2020,lazada,positif
paket udah kak ko reaksi yaa,2022-05-29,29,mei,2022,lazada,negatif
bagus lambat haidterbukti khasiat,2021-05-10,10,mei,2021,lazada,positif
trima kasih udh dtng paket moga bener mujarab,2020-06-08,8,juni,2020,lazada,positif
udh abis blm reaksi,2022-01-24,24,januari,2022,lazada,negatif
blom respon,2020-03-13,13,maret,2020,lazada,negatif
barang dah hbs lom haid ng,2022-01-26,26,januari,2022,lazada,negatif
kasih ulas udh pake kirain manjur pagi haid karna udh minggu haid tengkyuuu,2021-04-27,27,april,2021,lazada,positif
ngaruh sekali udh habis kluar haid,2020-08-20,20,agustus,2020,lazada,negatif
kak obta padahla dah minum,2022-04-22,22,april,2022,lazada,negatif
obat manjur minum langsung makasih seller,2019-09-23,23,september,2019,lazada,positif
reaksi jancok,2021-02-27,27,februari,2021,lazada,negatif
jamumyanudah datngtpi sampe blum haid jgahee,2019-11-13,13,november,2019,lazada,negatif
udah habis paket dapet haid,2022-12-10,10,desember,2022,lazada,negatif
cuman sakit perut mujarab,2022-03-01,1,maret,2022,lazada,negatif
ko dah abis bungkus blom kluar haid yach,2022-03-06,6,maret,2022,lazada,negatif
nggak ngaruh,2022-11-13,13,november,2022,lazada,negatif
alhamdulilah akhirny dtg bln mksh selerny ats atur dtg bln minggu suruh mnum aq ikutin aturany sukses trs,2022-06-08,8,juni,2022,lazada,positif
minum habis blm manjur,2021-11-01,1,november,2021,lazada,negatif
obat dah abis haid emng cocok dia emng obat fungsi,2020-02-27,27,februari,2020,lazada,negatif
bukti rekayasa terima kasih gan kwalitas produk order kirim cepat privasi jaga,2021-12-19,19,desember,2021,lazada,positif
tgl mar malam minum rutin kapsul pagi kasul malam tanggal mar malam mens recommended product,2021-04-01,1,april,2021,lazada,positif
udah minum yng bungkus hasil,2022-08-22,22,agustus,2022,lazada,negatif
barang hr kamis sore jam lgsung ak minum kapsuldan alhamdulillah jumat jm siang dpt mens deh manjur bangt jamu recomended banget,2022-07-27,27,juli,2022,lazada,positif
minum kapsul langsung mens bnr mujarab ampuh kak nemu obat ampuh pake obat pelancar hed ampuh mh doang udh ampuh good mksh lazada seller,2022-10-13,13,oktober,2022,lazada,positif
maaf kasih ulas pas dtg lsg minum sesuai atur k lsg siang terusin minum obat badan enak dkit pinggang hilang mantap pkonya,2021-08-06,6,agustus,2021,lazada,positif
mujabrab banget jamu sip pokok,2022-09-20,0,september,2022,lazada,positif
obat udah sisa blm dapet,2022-08-24,24,agustus,2022,lazada,negatif
bener manjur minum langsung dapet,2019-10-10,10,oktober,2019,lazada,positif
jamu mantul malam minum pagi minum kali minum siang langsung haid udah telat minggu,2019-11-22,22,november,2019,lazada,positif
barang dtg minum blm hasil,2021-01-07,7,januari,2021,lazada,negatif
jamu sang manjur minum kali langsung bua top banget jamu,2021-05-17,17,mei,2021,lazada,positif
mantappp udh talat minggu mnum dngn tratur bgitu abis langsung keluarpokokke mantul dweh,2021-04-25,25,april,2021,lazada,positif
mantuultelat haid minum obtnys rutin sampe abis,2020-07-27,25,juli,2020,lazada,positif
mujarap jamu minum malam siang langsung dapet maksih sis,2022-11-27,27,november,2022,tokopedia,positif
kecewa udh abiss nggk haid jga sya mh udh ngarep ajh minum lngsung haid ehh nyatanyhh blum haid jga udh abis lgi kcewa bnerr,2022-03-05,5,maret,2022,tokopedia,negatif
udh minum abs ad hslnya ttp bgni blm dpt,2022-12-01,1,desember,2022,tokopedia,negatif
manjur bln atur hbis bungkus lgsung haid,2020-06-06,6,juni,2020,tokopedia,positif
bagus abis kotak udh dpt haid udah telat,2023-02-21,21,februari,2023,tokopedia,positif
habis gakada reaksi,2021-02-15,15,februari,2021,tokopedia,negatif
udah haid minum langsung haid,2022-09-13,13,september,2022,tokopedia,positif
muas jamu,2022-05-13,13,mei,2022,tokopedia,positif
haid lancar sma sakit prduk cocok,2022-10-12,12,oktober,2022,tokopedia,positif
terima kasi jamu manjur,2021-12-06,6,desember,2021,tokopedia,positif
maaf bru ngsih ulas soalbya liat hasiatnya mantap telat bln cmn habis dus lngs dapet menstruasi alhmdulilahh yes sisa dus lgi,2021-05-23,23,mei,2021,tokopedia,positif
alhamdulillah cocok minum,2022-07-24,24,juli,2022,tokopedia,positif
jamu mujarab bangetbaru kali minum obat langsung dateng udah beli ngga lancar,2021-04-17,17,april,2021,tokopedia,positif
kemarin siang sampe barang eh malam dipake pas tidur pagi lgsg menstruasi maksih yaaaa obat mujarab,2022-05-30,30,mei,2022,tokopedia,positif
bener ampuh banget langsung dapet haid dapet haid,2020-08-26,26,agustus,2020,tokopedia,positif
udh abis blom dpet haid,2021-08-04,4,agustus,2021,tokopedia,negatif
gada kembang obat habis bulan,2020-10-26,26,oktober,2020,tokopedia,negatif
udh minum ok gah rekyasi obat udh abis,2022-02-14,14,februari,2022,tokopedia,negatif
udh hbis tgal minum reaksi sma sekli,2021-02-21,21,februari,2021,tokopedia,negatif
ampuhbaru minum langsung haidmantap,2021-07-03,3,juli,2021,tokopedia,positif
reaksi nyagak haid sampe habis obat haid,2022-06-30,30,juni,2022,tokopedia,negatif
baguss kecewa pokok jamin cocok,2021-03-30,30,maret,2021,tokopedia,positif
manjur bangetmakasih,2022-02-23,23,februari,2022,tokopedia,positif
jamu mantab minum pil udh langsung ngefek gitu telat dapet udah minggu badan rsany enak lega,2020-05-03,3,mei,2020,tokopedia,positif
jamu oke banget cocok,2021-10-14,14,oktober,2021,tokopedia,positif
manjur jamu sip,2021-11-10,10,november,2021,tokopedia,positif
mantap jamu maduranya minum langsung haid thanks,2021-03-30,30,maret,2021,tokopedia,positif
puas minum kapsul langsung haid,2020-11-10,10,november,2020,tokopedia,positif
minum ruting langsung hasil obat bagus,2021-09-09,9,september,2021,tokopedia,positif
mantap kli minum udh haidmakasih,2020-07-08,8,juli,2020,tokopedia,positif
langsung kluar ka oke banget obat,2021-02-09,9,februari,2021,tokopedia,positif
obat udah abis reaksi,2021-03-31,31,maret,2021,tokopedia,negatif
jamu bagus banget lancar haid,2021-06-09,9,juni,2021,tokopedia,positif
alhamdulillah siang paket lngsung minum alhamdulillah sore haid,2022-08-10,10,agustus,2022,tokopedia,positif
khasiat dah abis bungkus konsumsi hari,2021-10-25,25,oktober,2021,tokopedia,negatif
minum obat darah pas mimum obat langsung darah banget mantaaap puas,2022-04-22,22,april,2022,tokopedia,positif
jamu udah habis reaksi,2020-03-18,18,maret,2020,tokopedia,negatif
manjur mantap jamu top,2022-11-03,3,november,2022,tokopedia,positif
jamu oke banget haid lancar banget,2022-03-18,18,maret,2022,tokopedia,positif
paket terimakasih jamu gokil banget telat langsung lancar,2022-10-16,16,oktober,2022,tokopedia,positif
kapsul bom mens,2021-01-14,14,januari,2021,tokopedia,negatif
ngelancarin haid bohong mba jngn suka bhng mba dosa,2021-03-25,25,maret,2021,tokopedia,negatif
cepet haid ok jamu,2022-05-31,31,mei,2022,tokopedia,positif
barang udah sampe bner privasiin jamu bener top banget,2022-06-13,13,juni,2022,tokopedia,positif
maaf kasih ulas neng packing rapi privasi jamu cocok suka bangetkurirnya sopanthx,2020-04-26,26,april,2020,tokopedia,positif
ubah mules,2022-07-28,28,juli,2022,tokopedia,negatif
dah pemesanantp reaksi,2021-08-18,18,agustus,2021,tokopedia,negatif
asli obat mujarab bngt minum pil jam sore pas skrg lngsng mens thxx yaa,2021-09-04,4,september,2021,tokopedia,positif
jamu mujarab,2022-09-08,8,september,2022,tokopedia,positif
matep minum langsung haid,2022-12-23,23,desember,2022,tokopedia,positif
uda ku minum kali,2022-10-15,15,oktober,2022,tokopedia,negatif
obat habis alhamdulillah haid udah telat minggu,2022-12-17,17,desember,2022,tokopedia,positif
kecewa blm hasil blm reaksi,2021-03-20,20,maret,2021,tokopedia,negatif
obat manjur udh abis smua kinum haid,2020-02-17,17,februari,2020,tokopedia,positif
jamu udah habis reaksi,2021-12-18,18,desember,2021,tokopedia,negatif
udah minum sesuai aturantpi hasil,2020-01-31,31,januari,2020,tokopedia,negatif
ngaruh sekali udh habis kluar hed,2021-04-07,7,april,2021,tokopedia,negatif
mantap jamu langsung telat aman deh gua wk,2022-06-02,2,juni,2022,tokopedia,positif
ngefek jamu jamu,2021-04-01,1,april,2021,tokopedia,negatif
obat manjur minum langsung makasih seller,2020-12-01,1,desember,2020,tokopedia,positif
reaksi sm parah banget,2022-08-23,23,agustus,2022,tokopedia,negatif
cuman sakit perut mujarap,2022-12-07,7,desember,2022,tokopedia,negatif
kak minum haidterus mual,2020-11-15,15,november,2020,tokopedia,negatif
makasih lazada xminum malampagi malam,2023-02-04,4,februari,2023,tokopedia,positif
top cer kapsul kali pakai langsung,2022-04-27,27,april,2022,tokopedia,positif
habis pack blm haid,2021-03-20,20,maret,2021,tokopedia,negatif
bagus jamu minum hari kapsul bsokannya haid udah haid thx jamu the best udah dapet haid lega,2021-04-12,12,april,2021,tokopedia,positif
nggak hasil,2021-12-04,4,desember,2021,tokopedia,negatif
tetep gada hasil minum jamu,2023-02-08,8,februari,2023,tokopedia,negatif
bukti pas habis paket,2021-05-03,3,mei,2021,tokopedia,positif
benermanjur minum lngsng,2022-04-23,23,april,2022,tokopedia,positif
manjur banget habis bungkus langsung dpet,2022-03-14,14,maret,2022,tokopedia,positif
reaksi apasampai obat habis jga,2022-02-21,21,februari,2022,tokopedia,negatif
udh minum smpe habis tetep hasil,2022-12-25,25,desember,2022,tokopedia,negatif
produk bagus minum langsung lancar kak haid,2022-08-13,13,agustus,2022,tokopedia,positif
jamu udh datg kurir udh langgan mksh lazada jamu manjur,2022-04-07,7,april,2022,tokopedia,positif
manjur telat bulan testpack negative pas minum bru hr lngsung kluar haid mksh,2022-04-03,3,april,2022,tokopedia,positif
udh minum obat udah abis lgi,2021-10-17,17,oktober,2021,tokopedia,negatif
udah minum dapet,2021-02-02,2,februari,2021,tokopedia,negatif
makas jamu mujarab udh sampe bangkuril ramahtapi taya minum minum kapsul kapsul mkch,2022-12-05,5,desember,2022,tokopedia,positif
mbakok mnum obat pngen mual,2022-03-17,17,maret,2022,tokopedia,negatif
habis obat mens,2020-10-27,27,oktober,2020,tokopedia,negatif
gimana obat udah habis ko men,2021-01-13,13,januari,2021,tokopedia,negatif
udah kali minum ko reaksi,2020-11-17,17,november,2020,tokopedia,negatif
sumpahhhh boong jamu emg mujarab telat haid abis kemas langsung kluar bnyak,2020-05-20,20,mei,2020,tokopedia,positif
blm hasil tinggal kapsul,2022-06-08,8,juni,2022,tokopedia,negatif
bagus reaksi dah minum habis,2022-06-08,8,juni,2022,tokopedia,negatif
udh abis bln haid mules,2019-10-22,22,oktober,2019,tokopedia,negatif
barang udah nyampe alhamdulillah minum jamu kluar mens nyatrimakasih bwt seller nyasangat bantu,2021-01-10,10,januari,2021,tokopedia,positif
aksi jamu dah habis tespack negatif dengan,2020-01-28,28,januari,2020,tokopedia,negatif
alhamdulillah dah mantap banget jamu,2021-10-07,7,oktober,2021,tokopedia,positif
minum nie blm ubah kapsul tnggal mnm,2022-08-29,29,agustus,2022,tokopedia,negatif
udah habis dus ko haid,2021-09-23,23,september,2021,tokopedia,negatif
alhamdulillah manjur minum langsung haid,2022-08-24,24,agustus,2022,tokopedia,positif
jamu ngaruh,2022-09-22,22,september,2022,tokopedia,negatif
jamu oke mantap oke pokok,2022-03-19,19,maret,2022,tokopedia,positif
efek telat mnggu,2021-12-19,19,desember,2021,tokopedia,negatif
obat udah abis,2022-08-26,26,agustus,2022,tokopedia,negatif
kasiat,2022-08-15,15,agustus,2022,tokopedia,negatif
minum minggu langsung good,2019-11-09,9,november,2019,tokopedia,positif
udah minum habis hasil,2022-02-22,22,februari,2022,tokopedia,negatif
manjur banget nyesel deh,2022-10-03,3,oktober,2022,tokopedia,positif
minum ngefek sedih,2020-11-06,6,november,2022,tokopedia,negatif
jamu manjur hbs bungkus mens,2023-02-27,27,februari,2023,tokopedia,positif
jamu khasiat next order rim kasih,2021-11-11,11,november,2021,tokopedia,positif
minum malem pagi bemmafaat,2022-05-14,14,mei,2022,tokopedia,positif
reaksi jamu habis bungkus,2020-04-11,11,april,2020,tokopedia,negatif
kemarin ak minum trus pagi eh sore haid gabisa mens th kb suntik bln suntik terahir bln desember kmrn skrg bru haid aduh senangnyaaa dehh produk kurir ganteng,2021-05-27,27,mei,2021,tokopedia,positif
hasil jamu udah habis,2021-09-06,6,september,2021,tokopedia,negatif
mnum udah kaluar haidnyamakasih banget lazada,2022-04-17,17,april,2022,tokopedia,positif
kasih ulas karna minum obat dlu ampe abisternyata ngaruh reaksi,2020-11-22,22,november,2020,tokopedia,negatif
khasiat mantul banget,2021-10-23,23,oktober,2021,tokopedia,positif
udah minum kapsul haid kemarin haid sampe bln udh minggu,2021-12-29,29,desember,2021,tokopedia,negatif
reaksi sedih banget,2020-06-12,12,juni,2020,tokopedia,negatif
obat udah habis blm haid,2021-11-05,5,november,2021,tokopedia,negatif
minum tanda tanda hed telat,2022-04-12,12,april,2022,tokopedia,negatif
jamu mujarab dah sampehamdulilah say skrang dateng buln haid makas,2020-02-22,22,februari,2020,tokopedia,positif
maaf kasih ulas bener ampuh sabtu sore minum malam langsung terima kasih,2021-02-26,26,februari,2021,tokopedia,positif
alhmdulillah paket udah dtang sya bli alhmdulillah ccok,2020-02-25,25,februari,2020,tokopedia,positif
reaksi udh minum sampe habis,2022-01-30,30,januari,2022,tokopedia,negatif
obat mantul minum langsung haid good pokok,2021-01-19,19,januari,2021,tokopedia,positif
reaksi obat bukti kaka stelah minum obat langsung heid,2021-03-18,18,maret,2021,tokopedia,positif
top markotop manjur jamuminum kapsullangsung besok mmaksh jaga privasi,2021-12-11,11,desember,2021,tokopedia,positif
makasih kazada emmg jamu nie emmg top mksh kullier,2022-09-19,19,september,2022,tokopedia,positif
sayah sen udh blm kluar jgagk epek mnum obat buang air trus,2020-12-27,27,desember,2020,tokopedia,negatif
mantulalhamdulilah minum xlangsung haidmakasih lazada,2022-04-18,18,april,2022,tokopedia,positif
mnm manjur banget,2020-12-18,18,desember,2020,tokopedia,positif
minum butir besok lamgsung haid gila keren,2022-03-10,10,maret,2022,tokopedia,positif
udah abis manjur obatnyaa,2022-05-11,11,mei,2022,tokopedia,negatif
alhamdulillah ngecewain maaf bru ksih ulas mantap banget mujarab smoga laku trus,2020-06-22,22,juni,2020,tokopedia,positif
hmpir pack tnda haid,2020-12-14,14,desember,2020,tokopedia,negatif
obat habis haid,2020-10-14,14,oktober,2020,tokopedia,negatif
kecewa udah habis obat dateng,2020-12-09,9,desember,2020,tokopedia,negatif
pket dah dteng dah habis blm reaksi kecewa,2020-10-29,29,oktober,2020,tokopedia,negatif
obat udah abiss ko mens yaa kecewa,2021-01-17,17,januari,2021,tokopedia,negatif
hasil jamu minum sesuai atur ngefek,2022-09-03,3,maret,2022,tokopedia,negatif
udah kali minum,2023-02-18,18,februari,2023,tokopedia,negatif
obat reaksi,2021-05-21,21,mei,2021,tokopedia,negatif
kecewa minum habis pengaruh tetep dpt haid,2019-10-31,31,oktober,2019,tokopedia,negatif
udh habis hasil menstruasi,2020-04-09,9,april,2020,tokopedia,negatif
alhamdulilah make langsung haidmanjurr,2021-01-25,25,januari,2021,tokopedia,positif
minum dlm hari blm ubah,2020-06-09,9,juni,2020,tokopedia,negatif
coba udah manjur pokok mantap banget rekomendasi banget jamu,2022-03-16,16,maret,2022,tokopedia,positif
kemaren minum jamu udah haid makas,2020-03-24,24,maret,2020,tokopedia,positif
bener bener mujarab jamu,2022-05-24,24,mei,2022,tokopedia,positif
terimakasih yaallah berkat minum jamu langsung haid pdhl udah bbrpa haid terimakasih,2019-10-03,3,oktober,2019,tokopedia,positif
baguss ampuh obat makasih,2021-11-04,4,november,2021,tokopedia,positif
manjur mantap jamu luntur oke bangeta,2022-03-27,27,maret,2022,tokopedia,positif
jamu manjur banget,2022-02-10,10,februari,2022,tokopedia,positif
minum kali,2023-06-26,26,juni,2023,tokopedia,negatif
tanda luntur,2023-07-21,21,juli,2023,tokopedia,negatif
udah bungkus ngaruh,2021-03-09,9,maret,2021,tokopedia,negatif
kasih ulasanmujarab suka,2020-12-05,5,desember,2022,tokopedia,positif
alhamdulillah obat cocok minum malam pagi langsung haid,2022-03-28,28,maret,2022,tokopedia,positif
sedih obat abis blm ad reaksi,2022-09-23,23,september,2022,tokopedia,negatif
sufah minum hasil,2022-09-02,2,september,2022,tokopedia,negatif
bagusbaru minum surah haidnyatrimaksih lazada,2020-01-30,30,januari,2020,tokopedia,positif
maaf ngasih ulasannkarna liat hasil hasill muas bru minum biji langsung had poko mantappp,2021-07-22,22,juli,2021,tokopedia,positif
reaksi jamu,2021-06-01,1,juni,2021,tokopedia,negatif
serius jamu manjur banget cocok banget telat,2021-04-01,1,april,2021,tokopedia,positif
jamu habis ko blm mens kecewa bange,2021-03-26,26,maret,2021,tokopedia,negatif
mantab banged lgsung topcer padhl telad stlah mnum hasil,2021-11-03,3,november,2021,tokopedia,positif
udh abis obat ttp dapet,2021-10-01,1,oktober,2021,tokopedia,negatif
obat habis blom jga haidpadahal minum atur,2022-02-21,21,februari,2022,tokopedia,negatif
udh hbis pack ttep ajah haid,2022-03-28,28,maret,2022,tokopedia,negatif
minum dus habis reaksi,2022-07-17,17,juli,2022,tokopedia,negatif
udh paket blm dpt mens coba pesan udh masuk bln dpt mens,2021-08-22,22,agustus,2021,tokopedia,negatif
mujarab gaessiiip daaahh,2022-05-26,26,mei,2022,tokopedia,positif
maaf kasi ulas sesuai ucap obat habis dapet kecawaa,2022-10-13,13,oktober,2022,tokopedia,negatif
habis bungkus blm haid sedih,2021-10-30,30,oktober,2021,tokopedia,negatif
alhamdulillah minum langsung,2020-06-10,10,juni,2020,tokopedia,positif
paket terima efek manjur mnum langsung kluar rekomen bngt kirim,2022-04-09,9,april,2022,tokopedia,positif
mual jamuya sakit perut,2022-06-07,7,juni,2022,tokopedia,negatif
minum habis sisa butir smp skrg blm tanda haid sedih banget,2020-06-21,21,juni,2020,tokopedia,negatif
udah minum kapsul kunjung haid sampe,2021-01-21,21,januari,2021,tokopedia,negatif
efek sekal coba moga kali bener mujarab,2021-12-24,24,desember,2021,tokopedia,negatif
ad reaksisudah minum beberap kali,2020-08-03,3,agustus,2020,tokopedia,negatif
mantul banget jamu oke banget,2020-06-22,22,juni,2020,tokopedia,positif
pesan dri tgl feb nyampe maret bangeett udh minum blm reaksi,2020-02-02,2,februari,2020,tokopedia,negatif
minum langsung haid,2021-03-04,4,maret,2021,tokopedia,positif
obat udah abis respek apa,2022-08-12,12,agustus,2022,tokopedia,negatif
mantapmalam minum pagi langsung keluartop deh,2022-04-07,7,april,2022,tokopedia,positif
jamu udah tggl minum blom dapatt gmn inikecewa,2021-07-15,15,juli,2021,tokopedia,negatif
habis jamu menstruasi,2021-09-04,4,september,2021,tokopedia,negatif
manjur mantap jamu bener bener oke banget,2020-02-09,9,februari,2022,tokopedia,positif
minum langsung halanganmanjurr bnget,2021-06-11,11,juni,2021,tokopedia,positif
minum kali langsung mens,2021-08-28,28,agustus,2021,tokopedia,positif
udah hbs kapsul tapi efek blm jgaa,2022-12-07,7,desember,2022,tokopedia,negatif
bener minum langsung dpt haid,2022-03-24,24,maret,2022,tokopedia,positif
sampe packing rapihbaru minum belu hasilsemoga haid lancar,2021-08-15,15,agustus,2021,tokopedia,negatif
minum kapsul hasil,2022-06-19,19,juni,2022,tokopedia,negatif
cocok telat bulang langsung haid,2021-04-03,3,april,2021,tokopedia,positif
terimakasih reaponsnya cepat jamu manjur banget,2022-02-24,24,februari,2022,tokopedia,positif
terima kasih tokped jamu manjur,2020-07-09,9,juli,2020,tokopedia,positif
langgan belanja pokok oke jamu,2022-05-18,18,mei,2022,tokopedia,positif
alhamdulillah cocok siklus haid atur suka telat tanggal haid mundur dapet bonus,2021-07-26,26,juli,2021,tokopedia,positif
respon cepet recomended seller jamu mujarab,2022-03-07,7,maret,2022,tokopedia,positif
jamu mantap abis langsung bocor,2021-09-23,23,september,2021,tokopedia,positif
manjur langsung haid,2022-02-04,4,februari,2022,tokopedia,positif
serius jamu bener bener manjur banget,2022-05-30,30,mei,2022,tokopedia,positif
minum kali besok langsung top cer,2020-06-12,12,juni,2020,tokopedia,positif
